time,latitude,longitude,depth,mag,magType,nst,gap,dmin,rms,net,id,updated,place,type,horizontalError,depthError,magError,magNst,status,locationSource,magSource
2025-12-19T18:04:35.032Z,59.985,-151.965,65.7,3,ml,50,75,0.5,0.8,ak,ak2025yxnokp,2025-12-19T18:06:25.644Z,"13 km WNW of Happy Valley, Alaska",earthquake,0,3.2745,0.1,4,automatic,ak,ak
2025-12-19T16:51:27.436Z,8.6093,126.8951,71.669,4.4,mb,33,92,2.01,0.64,us,us6000rw1t,2025-12-19T17:21:46.040Z,"67 km ENE of Hinatuan, Philippines",earthquake,9.25,6.955,0.112,23,reviewed,us,us
2025-12-19T16:38:42.950Z,34.280333333333,-116.7715,3.44,2.55,ml,83,36,0.1249,0.15,ci,ci41142911,2025-12-19T17:15:01.040Z,"7 km ENE of Big Bear City, CA",earthquake,0.1,0.48,0.13205627448878,24,automatic,ci,ci
2025-12-19T16:30:39.714Z,60.3886,-140.3079,5,2.8,ml,18,165,0.295,0.47,us,us6000rw0n,2025-12-19T16:57:59.040Z,"99 km NNW of Yakutat, Alaska",earthquake,8.07,2.01,0.053,46,reviewed,us,us
2025-12-19T14:52:54.080Z,33.475498199463,-116.49133300781,13.170000076294,3.3790317005277,ml,94,31,0.09461,0.209999993,ci,ci41142815,2025-12-19T17:44:56.218Z,"19 km ESE of Anza, CA",earthquake,0.23,0.5,0.21984815597534,14,reviewed,ci,ci
2025-12-19T13:38:52.836Z,27.3099,53.8953,10,4.3,mb,35,162,3.139,0.48,us,us6000rvz6,2025-12-19T14:42:05.040Z,"46 km SSW of Gerāsh, Iran",earthquake,11.87,1.975,0.097,30,reviewed,us,us
2025-12-19T13:09:41.791Z,-20.7525,-177.8981,458.82,4.4,mb,31,182,4.856,0.75,us,us6000rvz3,2025-12-19T14:38:19.040Z,"273 km W of Houma, Tonga",earthquake,14.44,6.521,0.093,33,reviewed,us,us
2025-12-19T12:54:20.104Z,32.3851,140.1244,152.536,4.6,mb,93,105,0.774,0.65,us,us6000rvz2,2025-12-19T13:20:00.040Z,"276 km SSE of Shimoda, Japan",earthquake,8.24,5.851,0.043,165,reviewed,us,us
2025-12-19T11:47:28.291Z,60.362,-152.963,5,2.6,ml,11,248,0.3,0.4,ak,ak2025yxbblp,2025-12-19T11:51:07.399Z,"76 km ENE of Port Alsworth, Alaska",earthquake,0,,0.9,4,automatic,ak,ak
2025-12-19T11:37:38.050Z,18.808,-66.427,20.06,3.03,md,20,245,0.3432,0.22,pr,pr71502633,2025-12-19T11:58:19.820Z,"38 km NNW of Brenas, Puerto Rico",earthquake,0.79,17.3,0.13914190927774,12,reviewed,pr,pr
2025-12-19T10:51:53.594Z,-24.2497,-67.076,224.824,4.1,mb,23,99,1.641,0.48,us,us6000rvym,2025-12-19T14:19:00.040Z,"76 km W of San Antonio de los Cobres, Argentina",earthquake,11.04,8.631,0.213,6,reviewed,us,us
2025-12-19T10:08:20.081Z,60.4716,-139.8161,5,2.5,ml,32,80,0.435,0.31,us,us6000rvyi,2025-12-19T11:16:19.040Z,"103 km N of Yakutat, Alaska",earthquake,4.57,1.977,0.045,66,reviewed,us,us
2025-12-19T09:45:17.650Z,18.685666666667,-66.902666666667,19.76,2.76,md,13,257,0.2936,0.13,pr,pr71502623,2025-12-19T09:57:41.980Z,"23 km NNW of Camuy, Puerto Rico",earthquake,1.43,2.94,0.17990680913411,8,reviewed,pr,pr
2025-12-19T09:13:12.715Z,14.4351,-92.6965,47.719,4.6,mb,63,155,1.914,0.62,us,us6000rvyd,2025-12-19T13:28:51.040Z,"43 km SW of Puerto Madero, Mexico",earthquake,8.92,9.52,0.04,187,reviewed,us,us
2025-12-19T07:54:18.240Z,34.1145,-117.4325,13.75,2.47,ml,139,24,0.01577,0.19,ci,ci41142647,2025-12-19T14:48:50.932Z,"3 km NE of Fontana, CA",earthquake,0.1,0.2,0.25383815728903,24,automatic,ci,ci
2025-12-19T07:23:12.612Z,60.3951,-139.4001,3.521,3.5,ml,22,90,0.52,0.86,us,us6000rvy0,2025-12-19T09:50:31.735Z,"96 km N of Yakutat, Alaska",earthquake,2.25,9.12,0.042,76,reviewed,us,us
2025-12-19T06:23:52.000Z,60.4785,-139.4899,5,2.8,ml,19,132,0.54,0.96,us,us6000rvxl,2025-12-19T10:27:21.040Z,"104 km N of Yakutat, Alaska",earthquake,2.62,1.354,0.05,52,reviewed,us,us
2025-12-19T05:39:10.227Z,36.2833,69.2054,35,5.3,mwr,113,43,2.369,0.95,us,us6000rvxc,2025-12-19T12:13:37.244Z,"25 km NNE of Nahrīn, Afghanistan",earthquake,7.83,1.88,0.066,22,reviewed,us,us
2025-12-19T05:25:53.233Z,7.7404,126.731,68.267,4.8,mb,42,56,1.323,0.82,us,us6000rvxa,2025-12-19T05:39:38.796Z,"20 km ENE of Kinablangan, Philippines",earthquake,8.98,8.729,0.098,32,reviewed,us,us
2025-12-19T05:00:19.134Z,-15.6018,-179.6913,10,5.7,mww,36,130,1.254,1.27,us,us6000rvx4,2025-12-19T07:30:03.435Z,"136 km NE of Labasa, Fiji",earthquake,11.13,1.889,0.069,20,reviewed,us,us
2025-12-19T04:35:54.202Z,26.2323,125.1422,184.718,4.8,mb,48,53,2.02,0.82,us,us6000rvx0,2025-12-19T04:52:11.040Z,"159 km N of Hirara, Japan",earthquake,8.15,8.032,0.075,55,reviewed,us,us
2025-12-19T04:02:39.432Z,8.6166,126.7749,65.327,5.1,mb,46,98,1.941,0.72,us,us6000rvwy,2025-12-19T04:38:28.888Z,"55 km ENE of Hinatuan, Philippines",earthquake,9.83,7.298,0.05,129,reviewed,us,us
2025-12-19T03:32:55.040Z,46.853833333333,-121.85816666667,7.34,2.52,ml,60,30,0.03687,0.14,uw,uw62219251,2025-12-19T05:00:44.000Z,"16 km NE of Ashford, Washington",earthquake,0.13,0.14,0.27045139356889,34,reviewed,uw,uw
2025-12-19T02:49:10.032Z,58.275,-136.784,9.9,2.6,ml,18,150,0.4,0.9,ak,ak2025ywjfos,2025-12-19T02:51:51.010Z,"27 km WNW of Elfin Cove, Alaska",earthquake,0,3.3458,0.5,6,automatic,ak,ak
2025-12-19T02:32:45.677Z,32.182,-101.193,8.2275,2.5,ml,47,61,0.1,0.1,tx,tx2025ywiriy,2025-12-19T07:53:17.760Z,"16 km SE of Coahoma, Texas",earthquake,0.48901580684855,0.78543847452337,0.2,33,reviewed,tx,tx
2025-12-19T02:13:20.710Z,38.81583404541,-122.78133392334,1.460000038147,2.86,md,78,42,0.002621,0.09,nc,nc75282426,2025-12-19T03:09:34.040Z,"5 km NNW of The Geysers, CA",earthquake,0.12,0.189999998,0.16,101,automatic,nc,nc
2025-12-19T01:54:52.481Z,31.671,-104.365,6.0999,2.5,ml,43,70,0.1,0.2,tx,tx2025ywhkul,2025-12-19T08:06:18.459Z,"55 km S of Whites City, New Mexico",earthquake,0.72922652567,0.5446957605975,0.1,31,reviewed,tx,tx
2025-12-19T01:51:01.300Z,19.133,-68.0925,21.9,3.39,md,21,267,0.6732,0.32,pr,pr71502598,2025-12-19T02:49:09.040Z,"69 km NNE of Punta Cana, Dominican Republic",earthquake,1.28,23.88,0.051507672252926,12,reviewed,pr,pr
2025-12-19T00:54:00.199Z,58.205,-136.96,5,4,ml,128,116,0.5,1.7,ak,ak2025ywfjok,2025-12-19T03:33:12.200Z,"36 km W of Elfin Cove, Alaska",earthquake,0,0,0.3,51,reviewed,ak,ak
2025-12-19T00:49:58.597Z,-22.095,-177.8798,350,4.3,mb,14,125,5.776,0.82,us,us6000rvw0,2025-12-19T05:05:16.040Z,"285 km WSW of Houma, Tonga",earthquake,16.32,14.199,0.168,10,reviewed,us,us
2025-12-19T00:45:34.951Z,-3.2317,127.5312,11.531,4.7,mb,34,75,2.692,1,us,us6000rvvy,2025-12-19T04:58:49.040Z,"88 km NW of Ambon, Indonesia",earthquake,8.22,4.809,0.111,25,reviewed,us,us
2025-12-18T23:43:07.090Z,15.7731,119.3382,10,4.6,mb,34,110,7.801,1.09,us,us6000rvvq,2025-12-19T02:36:37.040Z,"50 km WSW of Ilioilio, Philippines",earthquake,13.11,1.912,0.09,37,reviewed,us,us
2025-12-18T23:25:41.822Z,53.1202,159.7524,58.8,4.3,mb,63,137,0.672,0.93,us,us6000rvvj,2025-12-19T01:06:33.040Z,"75 km E of Petropavlovsk-Kamchatsky, Russia",earthquake,10.17,6.919,0.076,49,reviewed,us,us
2025-12-18T23:22:54.933Z,-21.133,-68.9922,114.422,4.1,mb,17,81,0.471,0.66,us,us6000rvvg,2025-12-19T00:19:08.040Z,"77 km W of Ollagüe, Chile",earthquake,7.61,7.701,0.234,5,reviewed,us,us
2025-12-18T22:52:08.762Z,48.4824,157.3156,10,4.8,mb,90,122,4.625,0.8,us,us6000rvvd,2025-12-19T00:08:21.040Z,"258 km SSE of Severo-Kuril’sk, Russia",earthquake,11.79,1.847,0.047,143,reviewed,us,us
2025-12-18T22:35:29.003Z,-6.0924,154.4796,409.325,4.7,mb,55,69,2.981,0.71,us,us6000rvv9,2025-12-19T03:18:16.040Z,"113 km WNW of Panguna, Papua New Guinea",earthquake,12.37,7.245,0.054,105,reviewed,us,us
2025-12-18T22:04:12.480Z,18.7505,-68.1573,91,3.96,md,26,160,0.3259,0.66,pr,pr2025352001,2025-12-18T23:29:39.040Z,"32 km NE of Punta Cana, Dominican Republic",earthquake,3.22,2.53,0.17,24,reviewed,pr,pr
2025-12-18T21:19:36.122Z,6.8752,127.2114,10,4.7,mb,71,56,1.632,1.43,us,us6000rvuq,2025-12-18T23:18:43.040Z,"83 km ESE of Manay, Philippines",earthquake,6.05,1.758,0.064,75,reviewed,us,us
